first_name,middle_name,last_name,address,city,state,zip_code,phone,email
James,Brandy,Evans,22226 Craig Flat Apt. 753,Reyesberg,Kansas,71559,(301)211-5234,fordvalerie@example.net
Evan,Rebecca,Maxwell,83510 Geoffrey Locks Suite 209,Jeremyfurt,Georgia,19813,7577873047,robinsonchristina@example.com
Sarah,Alicia,Scott,069 Roberts Brooks Suite 744,South Charleschester,Florida,14352,001-668-464-6236x84175,petersenamy@example.com
John,Megan,Sullivan,24911 Marissa Turnpike Suite 178,North Stephanie,Wyoming,74116,(494)247-1031x5235,normanbrian@example.com
Michelle,Justin,Johnson,90631 Adrian Inlet,North Teresachester,Montana,85829,001-867-438-2913x024,pramirez@example.org
Denise,Adrienne,Forbes,9780 King Highway,Marvinbury,Kentucky,40947,581.583.3548x3645,xmelton@example.com
Benjamin,Danielle,Rosales,21782 Rachel Ridge,Littlebury,Utah,59104,001-710-581-5273x6135,ryanmolly@example.com
Jocelyn,Jose,Goodwin,3983 Angela Square Apt. 406,New David,California,93708,4525544865,jmcdowell@example.com
William,Kelly,Bridges,122 Stevens Ridges Suite 835,North Samanthabury,New Jersey,56333,001-295-240-8716x39912,phardin@example.net
Barbara,Amanda,Wiggins,6691 Michele Inlet,Lake Carla,Rhode Island,16636,(283)408-3275x1406,arroyomiguel@example.net
Brandi,April,Reed,6486 Lyons Key,Evanhaven,Rhode Island,45646,422.226.0675x7699,wrightlucas@example.org
Patricia,Henry,Johnson,49965 Johnson Isle,Dawnville,New Jersey,10391,(660)251-5025x68575,christopher74@example.org
Christopher,Elizabeth,Roberts,7289 Dennis Hill Suite 290,Brianborough,Connecticut,02259,+1-444-224-9435x237,jacob47@example.org
Maria,Anthony,Mayo,28489 Patrick Parkway Apt. 522,Port Julie,Texas,53868,(317)577-3732,kelly46@example.net
Jennifer,Bobby,Frederick,9014 Cook Spring Apt. 440,Lake Justin,Nevada,66814,001-904-346-3972,joel64@example.com
Matthew,Brandon,Brown,187 Carlos Trail Suite 675,Lisastad,Nebraska,69902,974-557-9626x186,wsharp@example.com
